Output,MAE,RMSE,R²,MAPE (%),Actual Mean,Predicted Mean
Latitude,0.722054,2.654347,0.901577,3.04,33.856945,34.077919
Longitude,2.377754,17.566454,0.611835,1.95,-92.834236,-94.276962
SOG (knots),0.526279,2.842320,0.830313,435754848.00,4.203840,4.056028
COG (degrees),39.255589,64.306633,0.671648,7151181824.00,183.449127,184.078979
