Output,MAE,RMSE,R²,MAPE (%),Actual Mean,Predicted Mean
Latitude,0.221161,0.401244,0.996608,0.69,33.324387,33.419491
Longitude,0.517411,0.884499,0.997994,0.54,-92.082008,-92.050980
SOG (knots),0.359030,0.733714,0.973921,392323296.00,2.530000,2.450598
COG (degrees),41.115231,63.446384,0.658370,5411306496.00,180.944000,179.771606
