Model,MAE,RMSE,R2
LSTM,13.555649757385254,37.20206352171123,-0.5199512839317322
CNN,14.011360168457031,37.163547630183764,-0.955132007598877
