MMSI,idx,actual_lat,actual_lon,lstm_lat,lstm_lon,cnn_lat,cnn_lon
367430210,0,34.16144943237305,-91.67408752441406,52.36154556274414,-105.3531494140625,43.4124870300293,-105.44412231445312
367430210,1,34.17591094970703,-91.7068862915039,52.36154556274414,-105.3531494140625,43.4615592956543,-105.56221008300781
367430210,2,34.167808532714844,-91.75727081298828,52.36154556274414,-105.3531494140625,43.54606246948242,-105.76586151123047
367430210,3,34.20825958251953,-91.80254364013672,52.36154556274414,-105.3531494140625,43.64243698120117,-105.99822235107422
367430210,4,34.211700439453125,-91.8268814086914,52.36154556274414,-105.3531494140625,43.71887969970703,-106.18226623535156
367430210,5,34.226951599121094,-91.85420989990234,52.36154556274414,-105.3531494140625,43.821048736572266,-106.42892456054688
