,MAE,RMSE,R2
XGBoost,10.207746505737305,32.834280345704435,0.8968906998634338
Random Forest,9.216858773396973,30.718959866289495,0.9117744418410396
Neural Network,19.131866455078125,38.74080662113594,0.3766242265701294
