Output,MAE,RMSE,R²,MAPE (%),Actual Mean,Predicted Mean
Latitude,0.717096,2.607125,0.899899,2.99,33.804024,34.016453
Longitude,2.296311,17.179361,0.613823,1.90,-92.569611,-93.929871
SOG (knots),0.504884,2.937165,0.814058,380250784.00,4.098400,3.972089
COG (degrees),39.580132,64.730858,0.669418,6613800960.00,186.682953,186.497177
