,MAE,RMSE,R2
Overall,8.178109169006348,27.009050900881473,0.9351203441619873
LAT,0.30559098720550537,0.4393182505156481,0.9972675442695618
LON,1.1039903163909912,1.5072836467298445,0.9971104264259338
SOG,0.41767728328704834,,
COG,30.885276794433594,,
